rank,opportunity_score,competitor,product_name,url,duration,starting_price,tour_type,destinations,positioning,last_checked
1,90.3,Jacada Travel,A Family Adventure in China,https://www.jacadatravel.com/asia/trips/a-family-adventure-in-china/,13 days,PRICE NOT DISCLOSED,Bespoke private journey,Beijing | Xi'an | Chengdu | Yangshuo | Shanghai,A true luxury family itinerary where interactive activities reduce museum fatigue and deepen family memories.,2026-08-11
2,89,Wendy Wu Tours,In Pursuit of Pandas,https://www.wendywutours.co.uk/china/tours/in-pursuit-of-pandas.htm,10 days,"From £2,790 per person",Group tour,Beijing | Xi'an | Chengdu,"A concise, emotionally clear first-China route built around pandas.",2026-08-11
3,88.9,China Highlights,"8-Day Chengdu, Jiuzhaigou and Chongqing Tour",https://www.chinahighlights.com/china-tours/chengdu-jiuzhaigou-chongqing.htm,8 days,"From US$2,419 per person",Private customized tour,Chengdu | Jiuzhaigou | Chongqing,"A highly photogenic western-China route combining soft family appeal, nature and a fashionable megacity.",2026-08-11
4,88.3,China Highlights,2-Week China Essence and Panda Tour,https://www.chinahighlights.com/china-tours/china-essence-panda-tour.htm,13 days on current itinerary,"From US$3,429 per person",Private customized tour,Beijing | Xi'an | Chengdu | Yangtze | Shanghai,A family-friendly classic circuit differentiated by a participatory panda experience.,2026-08-11
5,87.8,Scott Dunn,Ultimate China,https://www.scottdunn.com/china/tours/ultimate-china,7 nights,"From £7,200 per person",Tailor-made luxury private tour,Beijing | Xi'an | Shanghai,A compressed luxury golden-triangle trip sold through prestigious hotels and private guiding.,2026-08-11
6,87,Intrepid Travel,Premium China,https://www.intrepidtravel.com/en/china/premium-china-174860,12 days,"From USD $6,295",Premium small group tour,Beijing | Shanghai | Huizhou | Xi'an | Other itinerary stops,A premium small-group alternative between mass escorted tours and fully private luxury.,2026-08-11
7,86.6,China Highlights,14-Day China Natural Wonders Discovery,https://www.chinahighlights.com/china-tours/natural-wonders-discovery.htm,14 days,"From US$4,039 per person",Private customized tour,Beijing | Xi'an | Zhangjiajie | Guilin | Shanghai,A first-China grand route that adds high-impact landscapes to the classic city spine.,2026-08-11
8,86.3,Intrepid Travel,China Real Food Adventure,https://www.intrepidtravel.com/en/china/china-real-food-adventure-174628,10 days,"From USD $3,340",Small group themed tour,Beijing | Xi'an | Chengdu/food-route stops | Hong Kong,A specialist-interest product proving that food can lead the purchase rather than decorate a classic route.,2026-08-11
9,86,Original Travel,"Highlights of China: History, Culture & Scenery",https://www.originaltravel.co.uk/itinerary/china-beijing-xi-an-chengdu-yangshuo-shanghai/highlights-of-china-itinerary/pot195672,15 days,"£8,900-£11,550 per person; average starting price £10,600",Tailor-made private journey,Beijing | Xi'an | Chengdu | Yangshuo | Shanghai,A high-budget first-China journey using a familiar route but selling tailoring and specialist service.,2026-08-11
10,85.5,China Highlights,"8-Day Beijing, Xi'an, and Shanghai Private Tour",https://www.chinahighlights.com/china-tours/golden-triangle-tour.htm,8 days,"From US$2,169 per person",Private customized tour,Beijing | Xi'an | Shanghai,The mature default route for first-time visitors who want China's three most recognizable city chapters.,2026-08-11
11,85.1,WildChina,Family Fun,https://wildchina.com/tour/family-fun/,15 days,PRICE NOT DISCLOSED,Custom private tour,Beijing | Xi'an | Chengdu | Guilin | Shanghai,A comprehensive first-China family journey with recognizable icons and varied energy.,2026-08-11
12,85,Original Travel,The Ultimate China Adventure: Iconic Sites & Yunnan in Depth,https://www.originaltravel.co.uk/itinerary/china-beijing-zhangjiajie-xi-an-lijiang-city-tacheng-zhongdian-shanghai/the-ultimate-china-adventure/pot195697,21 days,"£11,300-£14,650 per person; average starting price £13,600",Tailor-made private journey,Beijing | Zhangjiajie | Xi'an | Lijiang | Tacheng | Shangri-La | Shanghai,A high-value once-in-a-lifetime China journey combining icons with a deep Yunnan narrative.,2026-08-11
13,84.8,Wendy Wu Tours,New Horizons of China,https://www.wendywutours.co.uk/china/tours/new-horizons-of-china.htm,17 days / 15 nights,"From £4,490 per person",Group tour,Chongqing | Zhangjiajie | Yangtze | Other China cities,A new escorted category responding to Chongqing and Zhangjiajie's visual momentum.,2026-08-11
14,84.7,Wendy Wu Tours,Wonders of China,https://www.wendywutours.co.uk/china/tours/wonders-of-china.htm,16 days / 14 nights,"From £4,090 per person",Group tour,Beijing | Xi'an | Yangtze | Guilin | Shanghai,Mass-market validated grand China circuit for travelers who value certainty and inclusions.,2026-08-11
15,83.2,China Highlights,12-Day China Silk Road Tour from Xi'an to Kashgar,https://www.chinahighlights.com/silk-road/tours/xian-to-kashgar.htm,12 days,"From US$4,259 per person",Private customized tour,Xi'an | Zhangye | Jiayuguan | Dunhuang | Turpan | Kashgar,A high-depth cultural and landscape journey for experienced travelers seeking a different China.,2026-08-11
16,82.3,WildChina,Chongqing: Vertical Living and Historic Hideaways,https://wildchina.com/tour/chongqing-vertical-living-and-historic-hideaways/,UNKNOWN,PRICE NOT DISCLOSED,Custom private tour,Chongqing,Editorial contemporary-city product that turns Chongqing's visual internet fame into cultural depth.,2026-08-11
17,81,WildChina,China's Avatar Mountains Zhangjiajie,https://wildchina.com/tour/chinas-avatar-mountains/,4 days,PRICE NOT DISCLOSED,Custom private tour,Zhangjiajie,"A short, highly visual nature extension built around the Avatar association.",2026-08-11
18,81,China Highlights,18-Day New China Discovery,https://www.chinahighlights.com/china-tours/modern-china-tour.htm,18 days; page says it can be shortened to about 10 days,"From US$7,279 per person",Private customized tour,Shanghai | Hangzhou | Chongqing | Chengdu | Shenzhen | Other metropolitan regions,A long-form answer to Western curiosity about China's current urban and technological transformation.,2026-08-11
19,80.2,WildChina,Luxury Yangtze River Cruise: From Chongqing to Yichang,https://wildchina.com/tour/luxury-yangtze-river-cruise-from-chongqing-to-yichang/,4 days,PRICE NOT DISCLOSED,Luxury cruise journey,Chongqing | Yangtze River | Yichang,"A premium, lower-effort nature and engineering chapter suitable for older travelers and luxury buyers.",2026-08-11
20,76.6,WildChina,Innovation in China: A High-Tech Tour,https://wildchina.com/tour/innovation-in-china-a-high-tech-tour/,8 days,PRICE NOT DISCLOSED,Custom private tour,Beijing | Shenzhen,A contemporary-China proof point aimed at travelers who want more than heritage icons.,2026-08-11
